incident_zip,created_date,latitude,longitude
10027,2015-07-03T00:36:07.000,NA,NA
10026,2015-07-02T22:06:35.000,NA,NA
11212,2015-07-06T00:27:34.000,NA,NA
10029,2015-07-17T01:50:10.000,NA,NA
10029,2015-10-22T19:49:45.000,NA,NA
10010,2016-06-26T21:58:46.000,NA,NA
10027,2016-07-04T09:22:55.000,NA,NA
11226,2021-06-13T18:13:53.000,40.654882431881674,-73.9618803533782
10027,2014-07-03T22:00:09.000,40.81205219218651,-73.95354294135088
10458,2021-05-27T23:54:46.000,40.8742704565185,-73.88477556476069
11233,2017-06-29T06:59:32.000,NA,NA
10026,2017-07-04T00:29:52.000,NA,NA
10019,2017-07-04T21:02:33.000,NA,NA
11103,2019-06-30T22:14:57.000,40.7601874556734,-73.91469529940512
11233,2019-07-14T22:44:43.000,40.68158618113256,-73.91906831372438
11223,2019-07-04T21:03:05.000,40.603756371839175,-73.97628574766429
11378,2020-02-01T18:29:47.000,40.71494757539763,-73.90320995861288
10308,2020-02-02T00:29:28.000,40.55815788884655,-74.15990895843446
11378,2020-01-24T19:24:32.000,40.71464281000231,-73.90309496928973
11378,2020-01-25T20:43:23.000,40.714920118705685,-73.90319917669972
11226,2019-07-13T23:43:40.000,40.64856656828209,-73.96152359467672
11385,2020-01-31T01:26:44.000,40.70043505259731,-73.90536966973795
11220,2019-08-02T10:06:40.000,NA,NA
10027,2019-06-09T02:09:45.000,40.81306688593783,-73.94533806498218
11416,2019-06-08T23:24:27.000,40.682390650316954,-73.86400770882072
11216,2019-06-09T21:03:04.000,40.69186790966299,-73.94706013236843
10461,2019-06-09T20:49:39.000,NA,NA
11221,2020-04-14T22:30:35.000,NA,NA
10023,2019-06-12T22:46:47.000,NA,NA
10312,2020-04-17T10:42:21.000,40.539107067188645,-74.15318230546039
10000,2019-06-12T22:03:07.000,40.782295208794295,-73.96519444362545
11221,2020-03-29T22:42:47.000,NA,NA
10023,2019-06-13T16:13:50.000,40.77691075959579,-73.97969388757507
10465,2019-06-10T12:48:36.000,NA,NA
10466,2020-05-03T21:02:02.000,40.89060691355313,-73.86228332460803
11201,2020-05-08T00:54:13.000,40.69833559858716,-73.99352658024652
10038,2020-05-07T21:15:19.000,40.712183115110605,-73.9992857919845
10463,2020-05-08T10:07:43.000,40.88751089038526,-73.90945779357229
11201,2020-05-08T22:59:30.000,40.69817560119618,-73.98495790022164
10309,2020-04-19T21:27:12.000,40.5504477781557,-74.21236220334927
10307,2019-06-17T09:35:40.000,NA,NA
11378,2020-04-20T20:17:00.000,40.72170154062373,-73.90215393750826
11379,2020-04-21T13:59:45.000,40.71502015488345,-73.89825346830123
11231,2020-04-23T19:23:53.000,40.678032461913745,-73.99238568231638
10040,2020-04-25T23:12:52.000,40.86125640378806,-73.9266838048094
11249,2020-04-25T13:55:33.000,40.71246354398651,-73.9659739761431
10463,2020-04-28T20:52:23.000,40.88592873389099,-73.91142734623564
10465,2020-05-13T11:08:13.000,40.824833314934516,-73.8154800613557
11230,2019-06-27T23:29:50.000,NA,NA
10463,2019-06-29T16:12:23.000,40.87761955641205,-73.90011644259737
10463,2020-05-15T21:57:13.000,40.87628246342609,-73.9028304631379
10308,2020-05-15T19:53:19.000,40.553727725735556,-74.13883237427896
11221,2020-05-15T18:11:02.000,40.695305012018714,-73.91221069998274
10463,2020-05-15T21:54:55.000,40.87602186087904,-73.90300079606398
10463,2020-05-16T21:28:42.000,40.87602186087904,-73.90300079606398
10024,2017-09-08T01:58:48.000,NA,NA
11235,2020-05-16T19:38:24.000,40.58656823185215,-73.92910596751956
10308,2020-05-16T21:06:24.000,40.56123766297226,-74.15984075181319
10463,2020-05-16T23:49:43.000,40.87485851552204,-73.90348341298909
11358,2020-05-16T22:59:23.000,40.772912960334565,-73.79851058320462
11358,2020-05-16T22:28:32.000,40.77411758771423,-73.79833002507098
10024,2017-09-08T02:25:07.000,NA,NA
11223,2019-07-04T18:02:55.000,NA,NA
10465,2020-05-10T20:40:38.000,40.842547351823015,-73.8204618763384
10025,2020-05-11T16:40:06.000,NA,NA
10463,2020-05-20T10:13:34.000,40.88521331353963,-73.909110122099
11210,2019-06-23T11:07:25.000,40.62372876097584,-73.94146932509965
10463,2020-05-20T22:23:30.000,40.88600632219812,-73.90884864671277
11372,2020-05-21T23:20:01.000,40.755866204482984,-73.88237433822928
10460,2019-06-23T19:24:23.000,40.846409631959695,-73.8826877187216
10465,2019-06-22T22:34:26.000,40.830888497662244,-73.82448269999706
10465,2019-06-22T23:47:14.000,40.830888497662244,-73.82448269999706
11385,2019-07-13T21:06:21.000,40.70566482104637,-73.86507111185703
10308,2020-05-16T21:05:11.000,40.55082250313727,-74.13983029281296
10463,2020-05-16T23:39:03.000,40.87602186087904,-73.90300079606398
10302,2020-05-16T21:45:59.000,40.62361300203022,-74.13668305526632
11228,2020-05-17T22:28:11.000,40.615900734994064,-74.01557465173718
10467,2019-06-24T09:17:08.000,NA,NA
11228,2020-05-17T19:14:03.000,40.61273370169838,-74.01171285024176
11226,2020-05-18T19:02:17.000,40.645706466433545,-73.96141353494495
11432,2019-06-23T20:50:45.000,40.71260569285566,-73.8019898144137
10463,2020-05-19T00:32:05.000,40.887565792578684,-73.90946856868415
10463,2020-05-19T10:43:23.000,40.8861717533398,-73.90980318999108
10463,2020-05-19T09:30:20.000,40.88683857310127,-73.90962507237336
10463,2020-05-19T10:15:32.000,40.88602554641576,-73.90886308653612
10473,2020-05-19T19:51:18.000,40.81665389988848,-73.85803238546907
10463,2020-05-19T09:19:11.000,40.884709233462566,-73.91031509704531
11221,2019-06-22T19:45:01.000,40.686982911358925,-73.93749795924562
11385,2020-05-19T20:53:11.000,40.70349487527877,-73.87586297912026
10463,2020-05-24T21:21:26.000,40.87481737842576,-73.90352324799962
11228,2020-05-24T21:27:47.000,40.61479226715457,-74.01200135933068
10461,2020-05-24T22:03:05.000,40.84502644482729,-73.83179692672617
10465,2020-05-24T21:06:30.000,40.81624477944797,-73.81875535765772
10463,2020-05-24T21:23:55.000,40.87628246342609,-73.9028304631379
10302,2020-05-24T20:58:29.000,40.63764679098395,-74.14149669952421
10033,2019-07-01T17:51:27.000,40.85169329006472,-73.93018612480634
10308,2020-05-24T21:20:36.000,40.540553583971565,-74.14471987427747
10463,2020-05-24T21:23:04.000,40.88564444913916,-73.89944617796353
10463,2020-05-24T20:47:58.000,40.87602186087904,-73.90300079606398
10472,2019-06-30T22:12:08.000,40.82984240456614,-73.86976616873731
11226,2019-06-30T15:18:24.000,40.64466711966379,-73.95632965166024
10312,2019-06-30T20:20:12.000,40.542941824929144,-74.18128054448182
11226,2019-06-30T21:45:40.000,40.65130698792159,-73.95695597400044
11220,2019-06-29T12:00:24.000,40.6466126755325,-74.01128276610083
11226,2019-06-30T21:54:47.000,40.64463069353147,-73.96196188292737
11428,2019-06-29T21:27:13.000,40.71920370710972,-73.73972634522777
11223,2019-07-01T13:25:55.000,40.60635004159611,-73.97551052684064
10464,2020-05-24T21:28:16.000,40.8384321565702,-73.7832129970919
10305,2020-05-24T21:46:47.000,40.58474555262158,-74.09402357294961
11426,2020-05-25T22:51:37.000,40.72788461425823,-73.71504273057383
10461,2020-05-25T23:42:54.000,40.851071797974754,-73.83473480796661
11361,2020-05-25T21:03:27.000,40.76500756712077,-73.77174120555547
10030,2020-05-25T23:55:18.000,40.81910333448003,-73.94707091506147
10040,2020-05-25T22:10:58.000,40.85284555442006,-73.92934629554779
10463,2020-05-25T20:18:04.000,40.88768873091231,-73.90874145743568
11414,2020-05-25T21:26:16.000,40.65080811772588,-73.83583272208102
10309,2020-05-25T21:04:14.000,40.539282825862436,-74.21479121057772
11105,2020-05-25T20:59:31.000,40.77918678605304,-73.91501036944896
10465,2020-05-25T21:48:22.000,40.83900519064728,-73.8195137269422
11214,2020-05-25T22:02:22.000,40.61329142529741,-73.99609568397702
10463,2020-05-25T21:56:01.000,40.87602186087904,-73.90300079606398
10031,2020-05-26T01:28:42.000,40.830222460372724,-73.94768359377827
10308,2020-05-25T21:50:44.000,40.55392199923693,-74.1603702336835
10463,2020-05-25T21:57:44.000,40.87527792119058,-73.90616584731168
10031,2020-05-25T21:59:26.000,40.82610535513842,-73.94761095175807
10471,2020-05-25T23:12:47.000,40.89548442625844,-73.8966533898276
10457,2020-05-25T23:05:03.000,40.85026704704119,-73.89523804356742
11214,2020-05-25T22:38:20.000,40.610280452421854,-74.00001800802549
11420,2020-05-25T23:30:58.000,40.67862051166136,-73.82798040899924
11231,2020-05-25T20:52:22.000,40.6811150941203,-73.99978006872696
11419,2020-05-25T21:38:35.000,40.68689429290453,-73.8214434737785
11221,2020-05-25T22:17:53.000,40.6944904740541,-73.920679025924
10471,2020-05-26T00:07:43.000,40.89436723136628,-73.89653214879638
10040,2020-05-26T00:05:31.000,40.85499852325298,-73.93120204527996
10040,2020-05-25T23:57:37.000,40.854588772844636,-73.92989028390193
11428,2019-06-26T12:53:09.000,40.719932970389486,-73.74056766316643
10030,2020-05-25T23:55:31.000,40.81996098581391,-73.94401006098994
10040,2020-05-26T02:23:20.000,40.854992232899,-73.92987178432652
11212,2020-05-26T03:10:05.000,40.66127218133704,-73.91538767773243
10040,2020-05-26T03:13:25.000,40.85518845589248,-73.9276122849613
11201,2020-05-26T02:35:15.000,40.69944187127121,-73.99659553780181
10033,2019-06-26T22:54:28.000,NA,NA
10452,2019-06-26T09:33:44.000,40.84150345115941,-73.91563912482995
10463,2020-05-26T21:27:26.000,40.88576052939843,-73.91041855819296
10462,2019-06-26T21:00:34.000,40.85096611829394,-73.86072073735662
10040,2020-05-26T19:05:32.000,40.854992232899,-73.92987178432652
11228,2020-05-26T20:49:38.000,40.626770185601806,-74.01500078900708
11432,2020-05-27T01:35:30.000,NA,NA
10463,2020-05-26T21:18:33.000,40.88768873091231,-73.90874145743568
10461,2020-05-26T13:51:32.000,40.83777538586229,-73.82655699501007
11219,2020-05-26T15:37:36.000,40.62029069938273,-73.99822414240006
10452,2020-05-27T21:22:20.000,40.842157243501774,-73.92434842172408
10457,2020-05-28T00:10:28.000,40.85397840556349,-73.8988939938161
10452,2020-05-23T21:27:44.000,40.8448051737876,-73.91541807941519
10040,2020-05-23T17:16:48.000,40.853992846328005,-73.92935592122582
11237,2020-05-23T18:19:14.000,40.69559808024908,-73.91139891555152
10463,2020-05-24T21:22:09.000,40.87772148464198,-73.90055022077499
11234,2020-05-29T21:29:35.000,40.61106578977403,-73.9064111727482
11691,2019-06-29T23:01:26.000,40.59512619363287,-73.75125004902733
11226,2019-06-30T21:27:42.000,40.653749059766874,-73.9625585439663
10128,2019-06-30T21:59:34.000,40.78090404681427,-73.94511170979791
10462,2020-05-30T00:49:19.000,40.8360461605441,-73.86325635690642
11103,2019-06-30T21:58:44.000,40.7601874556734,-73.91469529940512
11417,2019-06-30T11:56:56.000,40.68070005471548,-73.84464287635403
11434,2019-07-01T23:46:23.000,40.68496563190803,-73.79253494952006
11385,2019-07-01T21:37:51.000,40.70526952047172,-73.86502502433298
10032,2020-05-29T23:49:29.000,40.83514729676267,-73.94360337896514
10469,2020-05-29T12:25:41.000,40.867472053633186,-73.84509234389057
10452,2019-07-01T23:25:48.000,40.828476588933,-73.92282466060625
10453,2019-07-01T22:27:09.000,40.846869604369374,-73.90875408479297
10452,2020-05-29T17:59:36.000,40.83122876831649,-73.92583518265683
11378,2020-05-29T22:27:39.000,40.72184343829103,-73.90443375528439
11203,2019-07-01T22:35:38.000,40.65941517743085,-73.9389835134306
10023,2019-07-02T00:41:47.000,40.77410117169107,-73.98671348851468
11208,2019-07-01T22:00:09.000,40.671141206139566,-73.88007243056403
11234,2020-05-29T21:32:59.000,40.61774107367677,-73.90634057938809
11235,2020-05-30T19:53:35.000,40.58423417971213,-73.93204260949086
10040,2020-05-30T23:45:42.000,40.85588802556055,-73.93156984558253
10463,2020-05-31T01:03:08.000,40.877765465075115,-73.90062609301893
10040,2020-05-30T22:49:24.000,40.85427983830552,-73.93192213754392
10468,2019-07-02T07:51:18.000,40.8614036866412,-73.90986931857002
10029,2019-07-01T22:41:13.000,40.79515567669279,-73.94720552659194
10026,2019-07-02T00:13:57.000,40.804241272436066,-73.95496433631865
11233,2019-07-01T21:27:24.000,40.68489445156485,-73.91637449361322
11203,2019-07-01T22:14:08.000,40.65941517743085,-73.9389835134306
10026,2019-07-01T23:55:30.000,40.803470093845725,-73.94861485904825
11226,2019-07-02T09:00:50.000,40.65571305604019,-73.95884886578202
10304,2019-07-01T21:55:00.000,NA,NA
10455,2020-05-30T21:12:51.000,40.817408469111726,-73.9028008163553
11226,2019-07-02T01:37:43.000,40.65284258115744,-73.96046518496607
11232,2020-05-30T22:13:02.000,40.64491693382068,-73.99793520898986
10040,2020-05-30T23:41:25.000,40.85388132628399,-73.93102969062137
10307,2019-07-03T22:06:23.000,40.51413300915378,-74.24703878957213
11249,2019-07-04T01:57:57.000,40.718070532621326,-73.9641349317291
11212,2020-05-30T21:44:05.000,40.6728158292927,-73.90377579949111
11357,2019-07-04T22:14:02.000,40.782603263021876,-73.81401189064354
11693,2019-07-04T22:55:00.000,40.58486653376822,-73.81900167998965
11417,2019-07-04T23:08:06.000,40.67601570939618,-73.84537842572892
11364,2019-07-04T21:42:31.000,40.73580882081921,-73.75697461039678
10040,2020-05-30T23:22:50.000,40.85257395051599,-73.92954539397861
10314,2019-07-04T16:58:23.000,40.61019608754056,-74.16801116691205
11368,2019-07-04T21:36:28.000,40.744968027837544,-73.86127796353865
11221,2019-07-05T02:08:50.000,40.69868457438473,-73.92924279995613
10301,2019-07-04T19:47:07.000,40.61920091253972,-74.10370769440517
11694,2019-07-04T22:22:57.000,40.58434059073065,-73.82143324969408
11694,2019-07-04T21:37:25.000,40.584618130652416,-73.82341263330774
11215,2019-07-04T20:30:02.000,40.66784944189175,-73.99403419892276
11234,2020-05-30T22:56:22.000,40.619128174588504,-73.90419899481715
11219,2020-05-30T22:41:57.000,40.64350323566599,-73.99407601308346
11366,2019-07-05T10:35:27.000,40.72146190526075,-73.80452852154046
11234,2020-05-30T22:50:32.000,40.61774107367677,-73.90634057938809
11364,2019-07-04T21:55:34.000,40.75061403512289,-73.76489694343135
10026,2019-07-05T01:29:13.000,40.800670491467685,-73.94865675115344
10040,2020-05-30T23:23:17.000,40.855656181545385,-73.92943006727548
10465,2019-07-05T09:17:05.000,40.847485626139274,-73.8173075854626
10312,2019-07-04T21:06:20.000,40.54484243477497,-74.17520493576164
10307,2019-07-04T23:45:35.000,40.50453786300257,-74.24921842808018
11103,2019-07-06T00:08:42.000,40.76129658312256,-73.91139093683525
11694,2020-05-31T20:52:33.000,40.58462358704258,-73.82339101750762
10465,2019-07-06T21:33:20.000,40.816775440820024,-73.80912583141043
10314,2019-07-06T21:09:41.000,40.61897749967068,-74.13629894692339
11421,2019-07-06T21:12:27.000,40.69052800198384,-73.86324468177912
10027,2020-05-31T23:15:38.000,40.81640278803893,-73.9540745928603
10461,2019-07-06T21:31:52.000,40.83718102006372,-73.82922559926473
10312,2019-07-06T21:45:30.000,40.55316108715697,-74.17031834987472
10463,2020-05-31T23:53:24.000,40.887716047977634,-73.90517541532166
10040,2020-05-31T21:37:35.000,40.85509784049095,-73.93689173668447
10032,2020-05-31T12:29:42.000,40.8345949591979,-73.94228844266573
10463,2020-05-31T22:35:41.000,40.87980858703081,-73.90516137976249
10460,2019-07-07T01:03:40.000,40.846342519180496,-73.88417696544845
10463,2020-05-31T22:29:03.000,40.88219761192211,-73.91001832917962
11361,2019-07-06T21:55:37.000,40.767541631896265,-73.78492390267513
10033,2019-07-06T22:05:36.000,40.85212857574681,-73.93781991746624
11218,2019-07-06T22:21:40.000,40.63359169062697,-73.97365226115444
10027,2020-05-31T22:05:54.000,40.81520380586783,-73.95524593355366
10463,2020-05-31T22:07:22.000,40.87485851552204,-73.90348341298909
10472,2019-07-06T18:15:04.000,40.83072198426555,-73.86608224819335
10031,2019-07-07T01:51:30.000,40.818829155369386,-73.95416324069988
10463,2020-05-31T22:08:05.000,40.87782724521507,-73.9055583608198
10471,2020-05-31T23:47:31.000,40.892800183923605,-73.8967190506193
10460,2020-05-31T20:58:35.000,40.83702574235766,-73.86535039633193
10040,2020-06-01T00:18:18.000,40.85632085432521,-73.93017765242645
10463,2020-05-31T22:44:18.000,40.87599170575502,-73.90304423205578
10463,2020-05-31T23:15:44.000,40.88604829337175,-73.90986845533659
10040,2020-05-31T21:13:00.000,40.85658921307324,-73.93377785490433
11372,2019-07-08T11:42:58.000,40.748234798971765,-73.8925870336712
11226,2020-06-01T23:13:56.000,40.64598645251581,-73.96146742601698
10474,2020-06-01T23:32:07.000,40.81780154329236,-73.88829108282302
10034,2020-05-27T22:37:43.000,40.86301601278024,-73.92286773021674
10301,2019-07-08T23:27:26.000,40.64343219480661,-74.07920622592395
11233,2020-05-27T15:30:59.000,40.67094350560425,-73.92132346462867
11415,2020-05-28T22:50:04.000,40.705970786630665,-73.83451384937459
10040,2019-06-30T02:53:14.000,40.854992232899,-73.92987178432652
11226,2019-06-29T21:12:10.000,40.640431876925234,-73.95622792968322
11203,2019-06-30T16:28:00.000,40.65941517743085,-73.9389835134306
11226,2019-06-30T22:01:45.000,40.640431876925234,-73.95622792968322
10040,2019-06-30T23:19:40.000,40.85540931212554,-73.93433933605257
11416,2019-07-01T00:15:02.000,40.68427651766366,-73.85737675865205
11203,2019-06-30T22:55:29.000,40.65941517743085,-73.9389835134306
10451,2019-06-29T23:42:20.000,40.82147169768157,-73.91451196088087
11210,2019-07-11T20:11:35.000,40.6365849933263,-73.95260220655958
10040,2020-06-02T23:29:08.000,40.86150692093713,-73.92787293319823
11226,2020-06-02T21:06:53.000,40.64556921755869,-73.96138478623531
10461,2020-06-03T00:27:04.000,40.846528775642106,-73.82872811419641
11102,2020-06-02T21:13:21.000,40.77156060711146,-73.92090132783652
10040,2020-06-02T21:46:43.000,40.8565498590206,-73.92766141242467
11102,2020-06-02T21:10:17.000,40.77156060711146,-73.92090132783652
11103,2019-07-09T16:49:39.000,40.76519603662928,-73.91391995774092
11218,2020-06-02T22:27:40.000,40.64268510648371,-73.99121141913223
11233,2019-07-09T23:05:18.000,40.67289425318282,-73.92423759848664
10025,2019-07-09T14:50:10.000,40.7932934122895,-73.9762362908219
11225,2019-07-09T23:57:05.000,40.65857329661314,-73.95221174551106
11206,2020-06-03T22:33:20.000,40.70323541701502,-73.94426318191873
10001,2020-06-03T15:59:21.000,40.74776886981272,-74.00039699417712
11357,2019-07-05T17:12:53.000,40.78764736130805,-73.80203747805143
10031,2019-07-09T21:44:21.000,40.821646626438095,-73.95087342885292
10463,2020-06-04T22:02:28.000,40.88219761192211,-73.91001832917962
10463,2020-06-04T22:03:15.000,40.8826126715651,-73.91080613384722
11228,2020-06-04T22:28:54.000,40.61354052835576,-74.01303844722497
10460,2020-06-04T20:52:32.000,40.833268515825196,-73.88598488251932
10461,2020-06-04T10:43:12.000,40.84940347962201,-73.85335031270296
11213,2020-06-04T21:13:13.000,40.674668461371915,-73.94003305798375
10019,2020-06-04T20:58:38.000,NA,NA
10463,2020-06-04T21:43:00.000,40.8782120772511,-73.9029433589339
11377,2020-06-04T22:45:03.000,40.74867276057482,-73.9069829847689
11212,2020-06-04T22:14:53.000,40.66108817907452,-73.90809991521441
11226,2020-06-04T22:06:23.000,40.648539198578376,-73.96175784905559
11209,2020-06-04T21:37:46.000,40.635290036686996,-74.02915511138063
11411,2019-07-09T21:17:36.000,40.68888445466049,-73.73831941192124
10463,2020-06-04T22:20:39.000,40.88221314061463,-73.90882130025778
11419,2020-06-04T19:19:56.000,40.682376773054315,-73.82892257300674
11212,2020-06-04T21:03:16.000,40.65862360672847,-73.90501810056375
10466,2020-06-05T22:11:45.000,40.8825750037523,-73.83633087259122
10469,2020-06-05T22:19:07.000,40.86540510059538,-73.84908859078898
10040,2020-06-05T23:14:58.000,40.86150692093713,-73.92787293319823
11212,2020-06-05T23:03:28.000,40.658656567877024,-73.9050468873852
10032,2020-06-05T13:17:49.000,40.83506483679626,-73.9433613259977
11235,2020-06-05T21:25:32.000,40.58199650595024,-73.95979790717439
11206,2020-06-05T23:13:16.000,40.70294413455831,-73.94357095594464
10454,2020-06-05T21:21:27.000,40.81209564542954,-73.91817626989842
11212,2020-06-05T23:17:28.000,40.66221727642143,-73.90593210846586
10463,2020-06-06T21:25:35.000,40.882961972881404,-73.90823080350977
10032,2020-06-06T21:43:28.000,40.8354582796541,-73.93981585762363
11206,2020-06-06T22:06:22.000,40.70334799311786,-73.9339625410728
10308,2020-06-06T13:39:32.000,40.5545446198323,-74.15469672570171
10308,2020-06-06T16:40:28.000,40.5545446198323,-74.15469672570171
11212,2020-06-07T01:31:30.000,40.66277368915709,-73.9118822563938
11226,2020-06-06T21:25:23.000,40.64579462421121,-73.96239364206963
11221,2020-06-06T21:59:59.000,40.68802290193356,-73.91556647540166
11226,2020-06-06T22:02:51.000,40.64591782808841,-73.96145305153163
10312,2020-06-06T16:35:10.000,40.55987988721611,-74.17789315820811
11228,2020-06-06T21:20:50.000,40.618236854755004,-74.0131654357739
11234,2020-06-06T21:22:16.000,40.61106578977403,-73.9064111727482
11379,2020-06-06T23:21:59.000,40.72098085962789,-73.86765200014966
11693,2020-06-06T20:18:19.000,40.58822777070659,-73.81313828092117
11212,2020-06-06T23:50:42.000,40.658656567877024,-73.9050468873852
11203,2020-06-06T21:51:05.000,40.65941517743085,-73.9389835134306
11228,2020-06-06T21:36:16.000,40.61335391750385,-74.01272505670318
10468,2020-06-06T22:50:37.000,40.873292675645715,-73.90186578362315
10040,2020-06-06T20:56:12.000,40.853992846328005,-73.92935592122582
11234,2020-06-06T21:24:40.000,40.61933447678114,-73.90810337045941
11232,2020-06-07T00:08:53.000,40.652039373472064,-74.0081915724502
10040,2020-06-06T20:27:35.000,40.853992846328005,-73.92935592122582
10306,2020-06-06T21:54:41.000,40.578237850959546,-74.09374442083501
10312,2020-06-06T21:16:30.000,40.553625315100675,-74.1644250956947
10308,2020-06-06T21:41:51.000,40.55125251507883,-74.14058686258139
11354,2020-06-06T21:20:21.000,40.773770772271746,-73.81924283513001
10463,2020-06-06T23:27:54.000,40.87602186087904,-73.90300079606398
11212,2020-06-06T23:11:54.000,40.67285702803293,-73.90380818492986
10308,2020-06-06T21:22:27.000,40.545280872000106,-74.14632047537013
11226,2020-06-06T20:10:13.000,40.65074896962073,-73.96242688737108
11228,2020-06-06T23:08:23.000,40.6047816240232,-74.01518671785409
10032,2020-06-06T19:33:32.000,40.84245599585089,-73.9373844148488
10465,2020-06-06T18:58:04.000,40.83355358993476,-73.81913462255449
11354,2020-06-06T21:16:36.000,40.7714785789142,-73.81729225751765
10308,2020-06-06T21:23:15.000,40.55132395930906,-74.14052224113026
10308,2020-06-06T21:31:59.000,40.55125251507883,-74.14058686258139
11226,2019-07-10T17:46:50.000,40.65381784344286,-73.95532896987159
11236,2020-06-07T23:33:22.000,40.64213048248876,-73.8899436390167
11357,2020-06-07T20:58:25.000,40.78217029863434,-73.81616159185855
11226,2020-06-07T21:50:10.000,40.63941043943263,-73.95524853535079
11234,2020-06-07T04:01:59.000,40.61781784560463,-73.9062396152796
11354,2020-06-07T22:05:23.000,40.7714785789142,-73.81729225751765
10461,2020-06-07T22:58:30.000,40.839942120772385,-73.85094253200303
11226,2020-06-07T21:28:12.000,40.64581383180553,-73.96237561362634
11356,2020-06-07T21:45:11.000,40.787054016683065,-73.83104781424656
11203,2020-06-07T21:18:07.000,40.65941517743085,-73.9389835134306
10033,2020-06-08T00:28:58.000,40.85416834340433,-73.93370435416593
10314,2020-06-01T21:42:03.000,40.575805036470015,-74.16327017911736
11226,2020-06-07T20:53:08.000,40.648539198578376,-73.96175784905559
11694,2020-06-01T21:18:58.000,40.58223218422526,-73.82117967974983
10465,2020-06-01T07:51:35.000,40.83355358993476,-73.81913462255449
10302,2020-06-07T22:17:14.000,40.63585017491263,-74.13823578734912
10312,2019-07-14T21:25:42.000,40.54050848567216,-74.18044643764446
11226,2019-07-14T21:58:12.000,40.64856656828209,-73.96152359467672
10040,2020-06-07T22:59:25.000,40.86150692093713,-73.92787293319823
10033,2020-06-09T01:07:40.000,40.85372578440786,-73.93256252217486
10009,2020-06-09T00:50:24.000,40.723801916686774,-73.975939981237
10002,2020-06-08T23:51:49.000,40.71993314231638,-73.98352440748299
10032,2020-06-10T00:46:56.000,40.83879341512027,-73.9404163746114
10463,2020-06-08T13:53:04.000,40.88242738036165,-73.90230072756312
11212,2020-06-08T19:27:30.000,40.658451796485075,-73.90980833741153
10455,2020-06-08T20:44:38.000,40.81759862756429,-73.9037218095306
11213,2020-06-08T22:08:46.000,40.66998903867926,-73.9357294931035
11226,2020-06-08T22:07:25.000,40.64668642342642,-73.95412654826353
11692,2020-06-08T23:32:32.000,40.59759688921185,-73.78695130198061
10452,2020-06-09T00:59:26.000,40.83214495820546,-73.9293393689272
10014,2020-06-08T22:48:19.000,40.73118507625297,-74.00096698146373
10455,2020-06-09T01:29:50.000,40.81245719132271,-73.90303925053954
11412,2019-07-14T21:49:02.000,40.70497378388714,-73.76882333647058
10032,2020-06-09T01:19:57.000,40.84331131489608,-73.9355150568389
11203,2020-06-08T18:56:50.000,40.65309006667052,-73.94209947864802
10463,2020-06-08T19:33:22.000,40.889747715086735,-73.91290150769332
11203,2019-07-14T21:22:03.000,40.64560414608206,-73.92200197621703
11212,2020-06-08T22:09:48.000,40.66063493050921,-73.91113538187801
11369,2020-06-08T21:35:51.000,40.76503458682175,-73.88328952000305
10040,2020-06-09T01:34:24.000,40.853992846328005,-73.92935592122582
11691,2020-06-08T23:55:29.000,40.60346820374366,-73.74771855139466
10040,2020-06-08T04:16:51.000,40.854992232899,-73.92987178432652
10032,2020-06-08T23:19:11.000,40.83496150779994,-73.93985605845691
10306,2020-06-08T21:31:03.000,40.554963088292574,-74.13637707856168
11213,2020-06-08T22:08:52.000,40.66997795268315,-73.93553844781464
11226,2020-06-08T22:56:58.000,40.647949097726034,-73.96184107097778
11377,2020-06-08T22:30:53.000,40.75515617531598,-73.91085768895766
11378,2020-06-08T22:24:36.000,40.71908873380624,-73.90239586750444
11233,2020-06-08T21:57:37.000,40.68055451784449,-73.90857063470405
11212,2020-06-08T21:14:21.000,40.65843923491876,-73.90444889832405
11226,2020-06-08T23:17:15.000,40.648539198578376,-73.96175784905559
10032,2020-06-09T01:02:04.000,40.84182769447864,-73.9378223173734
11421,2020-06-08T09:29:33.000,40.691066805131136,-73.85495344362107
11228,2020-06-08T18:48:42.000,40.61174747150455,-74.01823172578321
10032,2020-06-09T02:01:45.000,40.84138024281771,-73.93770346971272
10306,2020-06-08T21:28:30.000,40.56762090156976,-74.13276041896366
11357,2020-06-08T21:40:03.000,40.782962238992596,-73.81881345604629
10128,2020-06-08T22:58:03.000,40.78194731108964,-73.94567053793698
11379,2020-06-08T22:44:34.000,40.71462194983776,-73.90115790882437
11226,2020-06-09T00:18:28.000,40.64695845070365,-73.954868699838
10027,2020-06-08T21:36:42.000,40.81135911209919,-73.94417624678773
10032,2020-06-09T01:53:43.000,40.84182769447864,-73.9378223173734
11228,2020-06-08T22:29:35.000,40.611037225143676,-74.0134809607563
10030,2020-06-08T22:41:04.000,40.81838698470345,-73.94143902290705
11354,2019-07-16T19:04:49.000,40.755897517912345,-73.83611875713807
10033,2019-07-12T23:38:31.000,40.8502110866143,-73.93981696758314
10034,2019-07-12T19:51:34.000,40.86987642136505,-73.92089646547889
11226,2020-06-09T22:51:01.000,40.64717485176219,-73.9611928663221
11416,2019-07-12T15:17:07.000,40.68077251725212,-73.85824955270512
11377,2019-07-12T22:22:21.000,40.747171866011776,-73.9110704769431
10467,2019-07-12T21:53:03.000,40.87836004062299,-73.86930952106634
11214,2020-06-07T22:35:13.000,40.60806501917578,-74.00939267440899
10033,2020-06-08T00:23:23.000,40.85108799075497,-73.93718832738756
10452,2020-06-07T21:46:43.000,40.828205979256744,-73.92451243331851
10032,2020-06-07T22:47:08.000,40.83505109726667,-73.94332881373384
11226,2020-06-07T22:04:46.000,40.63929525491562,-73.95549723143917
10032,2020-06-07T21:22:45.000,40.83485997423103,-73.93989590163648
11228,2020-06-07T21:09:18.000,40.61791917979562,-74.0027519411835
11208,2020-06-07T21:18:06.000,40.683180518810424,-73.87814705054578
11226,2020-06-08T01:45:24.000,40.64430573764678,-73.95178594756857
10032,2020-06-07T21:30:12.000,40.8354582796541,-73.93981585762363
11428,2019-07-12T23:11:17.000,40.72861564220416,-73.73856749143971
11210,2019-07-12T22:38:34.000,40.63618147847664,-73.95252683009008
11228,2020-06-07T22:02:03.000,40.612286250478306,-74.01219179960842
10032,2020-06-07T23:44:28.000,40.84314988477399,-73.93642960935001
10032,2020-06-07T21:50:45.000,40.83879341512027,-73.9404163746114
11226,2020-06-07T22:49:58.000,40.63770681622414,-73.95759528671276
11222,2019-07-13T23:53:12.000,40.72435636898864,-73.94428159519778
11354,2020-06-07T20:52:31.000,40.773770772271746,-73.81924283513001
11354,2020-06-07T20:45:22.000,40.771585908594844,-73.80735631566482
11207,2019-07-13T21:38:47.000,40.66761758667712,-73.89183010163632
11207,2020-06-07T22:42:29.000,40.66665843583799,-73.89646723944831
10032,2020-06-08T00:15:05.000,40.84138024281771,-73.93770346971272
11226,2020-06-07T16:48:52.000,40.64656796820084,-73.96035358883422
11226,2020-06-07T21:40:57.000,40.64527831338912,-73.95403742900233
10469,2019-07-13T23:35:14.000,40.87841930787291,-73.84821287586622
10034,2020-06-07T23:08:35.000,40.86582948795061,-73.9231067018434
10034,2020-06-07T23:12:06.000,40.86655824449888,-73.9211318036957
11226,2020-06-07T21:40:21.000,40.639553478186976,-73.95605194979676
10466,2020-06-07T21:18:46.000,40.89084007326354,-73.86216710365031
11233,2019-07-14T22:59:01.000,40.67921082417085,-73.91373891422165
11206,2020-06-09T21:39:49.000,40.70867513565539,-73.94343264834372
11226,2020-06-10T00:20:52.000,40.64668642342642,-73.95412654826353
11226,2020-06-09T22:55:46.000,40.64485236096988,-73.96001588190326
11413,2020-06-09T20:55:25.000,40.66013894882634,-73.75481016884969
11233,2020-06-10T00:26:10.000,40.68464254258253,-73.92523743062013
10032,2020-06-10T00:47:30.000,40.841341275843305,-73.93670962450932
11226,2020-06-09T23:20:32.000,40.65449814698088,-73.96183372105227
10033,2020-06-10T01:14:18.000,40.845589952370815,-73.93647064965599
10474,2020-06-09T22:22:08.000,40.815773549995136,-73.885852282221
11225,2020-06-09T22:34:33.000,40.66153447142512,-73.95115714724068
10034,2020-06-09T04:28:13.000,40.86341142763627,-73.92313480491897
11238,2020-06-09T23:32:57.000,40.67241448466098,-73.95733889732787
11226,2020-06-09T22:21:10.000,40.64643937078732,-73.96155364982612
11212,2020-06-09T21:36:03.000,40.67024819446945,-73.90896327139681
10009,2020-06-09T21:55:34.000,40.7231683850921,-73.97850528884055
10033,2020-06-09T21:53:53.000,40.85062589119129,-73.94049975538188
11228,2020-06-10T00:04:19.000,40.603365099878665,-74.01669531189975
11206,2020-06-09T21:52:24.000,40.71022592286109,-73.94342411828988
10463,2020-06-09T23:17:16.000,40.87823026932289,-73.90501537010424
11225,2020-06-09T22:42:29.000,40.65861158679892,-73.95188373451619
11213,2020-06-09T22:02:00.000,40.66641933646453,-73.92854889029374
10040,2020-06-09T22:20:03.000,40.854064283755676,-73.92947874878273
10040,2020-06-09T21:03:47.000,40.854064283755676,-73.92947874878273
11213,2020-06-10T00:09:52.000,40.66998903867926,-73.9357294931035
11375,2019-07-17T01:40:59.000,40.72568888342019,-73.85462553912083
11212,2020-06-09T21:19:28.000,40.6675898319166,-73.90718978180685
10460,2020-06-09T03:53:06.000,40.84512072977061,-73.8837851315754
10031,2020-06-09T21:50:28.000,40.8269425177046,-73.94766449262218
11226,2020-06-09T22:52:43.000,40.64787804391834,-73.96278886761259
10461,2020-06-09T21:03:32.000,40.851071797974754,-73.83473480796661
11226,2020-06-09T23:23:36.000,40.65363313018957,-73.96061608221525
10455,2020-06-09T16:54:48.000,40.81759862756429,-73.9037218095306
10040,2020-06-10T00:47:34.000,40.85688767546475,-73.93255208623478
10451,2020-06-09T22:56:18.000,40.82158729371225,-73.9149417645163
10459,2020-06-09T21:57:59.000,40.82499034725111,-73.88868730925894
10309,2020-06-09T21:06:53.000,40.55377810042767,-74.21040437062774
11691,2019-07-16T22:18:45.000,40.59518913371336,-73.762844406519
10314,2020-06-09T22:40:16.000,40.610473929222586,-74.12933766251689
11226,2020-06-10T00:15:57.000,40.651818717922204,-73.96029280699096
11212,2020-06-09T22:14:39.000,40.658451796485075,-73.90980833741153
11212,2020-06-09T22:15:35.000,40.658474713186926,-73.90420376128021
10032,2020-06-10T00:44:21.000,40.84182769447864,-73.9378223173734
10451,2020-06-09T23:08:30.000,40.82147169768157,-73.91451196088087
11226,2020-06-10T00:45:03.000,40.65267275315633,-73.96149239538896
10456,2020-06-09T23:24:27.000,NA,NA
11236,2020-06-09T23:39:26.000,40.63610242431259,-73.91527547151057
11237,2020-06-09T21:38:49.000,40.69998077682679,-73.91409793054036
10040,2020-06-09T21:44:28.000,40.85463422556341,-73.93246761530614
10034,2020-06-09T04:23:22.000,40.863112135137236,-73.92295438590352
11225,2020-06-09T22:37:08.000,40.661501851475506,-73.95191048470116
11207,2020-06-09T22:56:27.000,40.66665843583799,-73.89646723944831
10033,2020-06-09T21:56:42.000,40.849552095066585,-73.93430535772143
11238,2020-06-09T20:39:47.000,40.67327961355965,-73.96732421462572
11236,2020-06-09T21:47:50.000,40.63549896307351,-73.91580947690983
10032,2020-06-09T02:44:16.000,40.84182769447864,-73.9378223173734
11222,2020-06-09T23:59:10.000,40.72827185932852,-73.9473992264509
11419,2020-06-09T22:46:05.000,40.69327018066879,-73.81436205727914
10035,2020-06-09T22:17:45.000,40.79853940895749,-73.93540673250233
11233,2020-06-09T21:46:34.000,40.6803990181202,-73.92941723335176
11226,2020-06-10T00:23:41.000,40.64213527251177,-73.96073817503118
11226,2020-06-09T23:42:53.000,40.64899222482461,-73.94809958421209
11237,2020-06-09T18:59:00.000,40.69998077682679,-73.91409793054036
11225,2020-06-11T00:50:17.000,40.659998407531084,-73.96099798320904
11225,2020-06-11T00:26:24.000,40.6622732694585,-73.95223432572674
11206,2020-06-10T23:40:19.000,40.69461885986921,-73.94277022185406
10032,2020-06-11T00:01:30.000,40.83496150779994,-73.93985605845691
11226,2020-06-10T09:48:36.000,40.64330187356903,-73.96093567491897
11225,2020-06-11T01:24:00.000,40.658094914116,-73.9503451192844
10455,2020-06-11T00:50:13.000,40.820822008996466,-73.91561114799427
10002,2020-06-11T00:45:43.000,40.72168763674661,-73.98839066076046
11225,2020-06-11T00:21:08.000,40.65668810226277,-73.96070438144623
11203,2020-06-10T21:14:51.000,40.65941517743085,-73.9389835134306
10032,2020-06-10T23:35:40.000,40.83496150779994,-73.93985605845691
10468,2020-06-10T23:05:20.000,40.86661101974232,-73.90386054781428
11212,2020-06-11T01:19:55.000,40.658451796485075,-73.90980833741153
11213,2020-06-10T22:29:39.000,40.67236589602789,-73.93079201408896
11209,2020-06-10T23:09:11.000,40.635290036686996,-74.02915511138063
10032,2020-06-10T21:28:08.000,40.83496150779994,-73.93985605845691
10032,2020-06-10T23:24:54.000,40.83514729676267,-73.94360337896514
10468,2020-06-10T21:50:56.000,40.86576040803034,-73.9041546284764
10034,2020-06-10T21:38:20.000,40.865474752951485,-73.92210925407798
10469,2020-06-10T21:38:11.000,40.87509673144532,-73.85781358720917
11435,2020-06-10T11:59:09.000,40.7132682472154,-73.81586105466357
10470,2020-06-10T23:47:01.000,40.90552634409609,-73.84859593261112
10469,2020-06-10T21:13:54.000,40.87686119716642,-73.85975163262451
10034,2020-06-10T21:54:22.000,40.863577341602664,-73.92089672748243
11226,2020-06-12T22:48:27.000,NA,NA
10009,2020-06-10T23:37:01.000,40.72515435861759,-73.97269606868782
11225,2020-06-11T00:08:50.000,40.66214510249368,-73.95429613767482
10467,2020-06-10T20:39:23.000,40.87946948995251,-73.86742330474122
10032,2020-06-10T23:24:07.000,40.83505109726667,-73.94332881373384
10031,2020-06-11T00:37:38.000,40.82676631034369,-73.94647584783648
11226,2020-06-11T00:51:38.000,40.642220358386695,-73.9607309183074
11226,2020-06-10T23:33:31.000,40.649533171393145,-73.96286001898129
11206,2020-06-10T20:25:52.000,40.7086363365357,-73.94848597611853
11203,2020-06-10T21:31:54.000,40.65941517743085,-73.9389835134306
11226,2020-06-10T23:42:44.000,40.65383586110633,-73.95951315174585
10451,2020-06-10T23:39:52.000,40.82486243505233,-73.92378274258294
11226,2020-06-10T22:29:23.000,40.64671094882322,-73.9536832920329
10469,2020-06-10T21:00:40.000,40.87883955373018,-73.84844696673619
10472,2020-06-11T00:34:50.000,40.83155999694614,-73.8767117341646
10032,2020-06-10T22:19:49.000,40.83496150779994,-73.93985605845691
10309,2020-06-10T22:36:41.000,40.52654037706759,-74.21966390803043
11236,2020-06-10T21:37:31.000,40.63629471840327,-73.91549140801705
10458,2020-06-10T21:19:06.000,40.85272847848495,-73.88321155490377
10465,2020-06-10T20:37:48.000,40.83355358993476,-73.81913462255449
10031,2020-06-11T00:35:40.000,40.8269425177046,-73.94766449262218
11212,2020-06-10T22:25:22.000,40.66433383058095,-73.92506194411574
11217,2021-06-01T00:36:46.000,40.67841234057154,-73.97910737562246
10034,2020-06-10T22:28:08.000,40.86439499522772,-73.92050891043958
11226,2020-06-11T00:25:14.000,40.64598645251581,-73.96146742601698
10309,2020-06-11T00:20:00.000,40.52654037706759,-74.21966390803043
11226,2020-06-10T23:43:40.000,40.65125874623845,-73.96018862955287
11225,2020-06-11T01:38:30.000,40.65857341455547,-73.95249647824824
11226,2020-06-11T00:29:27.000,40.642003506826605,-73.96069140943182
10467,2020-06-10T23:13:49.000,40.87761137598851,-73.87739295298984
11209,2021-07-04T20:29:29.000,40.62489243024489,-74.03048705755467
10027,2020-06-11T00:45:20.000,40.8091689688218,-73.95737406371327
10455,2020-06-10T22:27:08.000,40.81922323140868,-73.91378504050826
10031,2020-06-10T23:58:15.000,40.8269425177046,-73.94766449262218
10039,2020-06-10T04:24:15.000,40.831992079539376,-73.93542846001569
11213,2020-06-10T23:36:16.000,40.66998903867926,-73.9357294931035
11208,2020-06-10T23:02:15.000,40.67258303899206,-73.87316270957298
11435,2020-06-10T23:03:20.000,40.69596773524974,-73.8089884578795
11206,2020-06-10T22:34:59.000,40.71039513718167,-73.94150143555966
11434,2021-07-04T22:28:34.000,40.67569388152268,-73.77932208192853
11226,2020-06-11T00:53:41.000,40.64873668571224,-73.95389810665417
10460,2020-06-10T15:10:41.000,40.84488037052014,-73.88774322058325
11225,2020-06-11T00:34:16.000,40.65667163604198,-73.96071159936551
11435,2020-06-10T21:59:13.000,40.69572759964232,-73.80983660977431
10461,2020-06-10T21:55:49.000,40.84429226250634,-73.8290157864395
11212,2020-06-11T01:08:04.000,40.658451796485075,-73.90980833741153
11212,2020-06-11T21:45:11.000,40.658451796485075,-73.90980833741153
11206,2020-06-11T23:22:56.000,40.71039513718167,-73.94150143555966
10469,2020-06-11T22:53:50.000,40.875271748500516,-73.8385473564753
11211,2020-06-10T22:08:50.000,40.717447534617186,-73.93835681035299
10470,2020-06-10T23:40:06.000,40.90485990511014,-73.84899176637312
10032,2020-06-11T23:08:02.000,40.83496150779994,-73.93985605845691
11368,2020-06-11T02:13:49.000,40.752821026888455,-73.86614140526918
10032,2020-06-11T23:03:44.000,40.834830151219144,-73.94060783958697
11207,2020-06-11T23:01:05.000,40.686571904564474,-73.9062078437896
10032,2020-06-12T01:39:48.000,40.83496150779994,-73.93985605845691
11207,2020-06-11T23:04:45.000,40.685798991055165,-73.90758269730212
11226,2020-06-11T10:52:28.000,40.642434465143076,-73.96077042905354
10040,2020-06-11T20:59:51.000,40.854064283755676,-73.92947874878273
11232,2020-06-11T22:29:17.000,40.65645874297377,-74.00217327118497
11220,2020-06-11T21:48:59.000,40.64143984936333,-74.02252054360648
11226,2020-06-11T22:09:45.000,40.655118743268346,-73.95500373642773
10032,2020-06-12T00:41:56.000,40.83842627427918,-73.94168881621687
11226,2020-06-11T23:15:09.000,40.646437257782,-73.96349236479078
11218,2020-06-11T11:28:40.000,40.65031041695912,-73.97471237350332
11226,2020-06-12T02:00:16.000,40.64558764379238,-73.95910735642582
11236,2020-06-11T21:51:02.000,40.63598979776492,-73.91515311269578
11213,2020-06-11T12:24:23.000,40.66355564689081,-73.93160855913528
11214,2020-06-11T22:11:03.000,40.607911578236674,-73.99483188006894
10314,2020-06-11T23:23:29.000,40.62009883171323,-74.13506570292354
11237,2021-07-05T01:16:15.000,40.69923983004887,-73.91428641870384
10032,2020-06-12T01:50:23.000,40.83836693486346,-73.94379218917166
11418,2020-06-11T22:50:46.000,40.70106965385578,-73.8352292861171
11221,2020-06-11T22:09:16.000,40.692523919670926,-73.94141614581157
10451,2020-06-11T13:47:31.000,40.82002576729337,-73.91158370906267
11226,2020-06-11T23:06:42.000,40.648926807480784,-73.95576108392434
10032,2020-06-12T01:57:02.000,40.83547607090642,-73.94240693363844
10026,2020-06-12T01:28:26.000,40.80397476827381,-73.95428905656297
10040,2020-06-11T23:07:42.000,40.853992846328005,-73.92935592122582
11212,2020-06-11T11:03:54.000,40.66359318010808,-73.92574041935653
11226,2020-06-11T13:29:24.000,40.642434465143076,-73.96077042905354
11225,2020-06-11T20:46:02.000,40.65667163604198,-73.96071159936551
11249,2020-06-12T01:35:19.000,40.71620743522191,-73.96609832138279
11225,2020-06-12T00:29:45.000,40.654473433182055,-73.96180129926968
11228,2020-06-12T00:10:23.000,40.611314484451604,-74.01317847722834
10466,2020-06-12T00:16:33.000,40.887055534385844,-73.83332890845688
11220,2020-06-11T22:15:26.000,40.64098433330081,-74.02190783525164
10456,2020-06-11T21:18:01.000,40.83680376033663,-73.91099403396964
11226,2020-06-11T21:48:02.000,40.646346034881695,-73.96151406453338
10025,2020-06-12T00:57:57.000,40.79834699128747,-73.96721948323648
10031,2020-06-11T23:01:55.000,40.8269425177046,-73.94766449262218
11226,2020-06-11T22:48:49.000,40.64643937078732,-73.96155364982612
10458,2020-06-11T21:45:43.000,40.857803456749934,-73.89167261607174
11225,2020-06-11T20:39:04.000,40.65668810226277,-73.96070438144623
11212,2020-06-11T21:09:59.000,40.66238303964283,-73.93062935931299
11232,2020-06-11T23:08:33.000,40.65234700573032,-74.00415526906117
10453,2020-06-12T23:03:17.000,40.85240094006224,-73.90627041538087
10471,2020-06-12T23:23:36.000,40.90980338111535,-73.89660941510239
11378,2020-06-12T23:13:43.000,40.71969449537218,-73.90142094998626
11208,2020-06-12T22:13:11.000,40.672317333808756,-73.87117688248969
10463,2020-06-12T23:13:01.000,40.87602186087904,-73.90300079606398
10472,2020-06-13T00:08:19.000,40.82703994042851,-73.87977699571583
10468,2020-06-12T19:26:58.000,40.86661101974232,-73.90386054781428
11208,2020-06-12T22:14:57.000,40.67157432300687,-73.87440471989372
11226,2020-06-12T19:52:15.000,40.64668642342642,-73.95412654826353
10309,2020-06-12T22:43:14.000,40.52654037706759,-74.21966390803043
10032,2020-06-13T00:15:28.000,40.84335464903661,-73.93950873304279
11226,2020-06-12T22:29:51.000,40.653847944816754,-73.9550946924735
10034,2020-06-13T00:56:01.000,NA,NA
10309,2020-06-12T21:25:34.000,40.55410173632811,-74.21054213609702
10465,2020-06-12T21:11:02.000,40.83355358993476,-73.81913462255449
10032,2020-06-13T01:57:30.000,40.84054136384441,-73.93958718664396
10468,2020-06-13T00:48:30.000,40.861651556273145,-73.90410993702544
10032,2020-06-13T01:50:08.000,40.841341275843305,-73.93670962450932
11226,2020-06-13T01:54:59.000,40.64566253900396,-73.96138112871078
10034,2020-06-12T23:25:27.000,40.86582948795061,-73.9231067018434
11226,2020-06-12T02:09:00.000,40.6450362777868,-73.96006261695022
11226,2020-06-12T22:40:03.000,40.65381784344286,-73.95532896987159
11226,2020-06-12T19:03:06.000,40.63941043943263,-73.95524853535079
11226,2020-06-12T22:40:44.000,40.64040044834314,-73.9603896823569
10032,2020-06-13T00:36:29.000,40.84243778209577,-73.9392529603578
11420,2020-06-12T22:54:46.000,40.67949792116211,-73.82374546439091
11368,2019-07-20T23:36:38.000,40.73863440337752,-73.86465070807989
10472,2020-06-13T01:29:54.000,40.8311085509188,-73.86808338384671
11226,2020-06-12T03:42:28.000,40.64570842325224,-73.95913250702783
10033,2020-06-13T01:24:41.000,40.8456456822504,-73.93800669480387
10465,2020-06-12T23:40:25.000,40.81421007528041,-73.82172327067988
11226,2020-06-13T01:27:39.000,40.64277045578617,-73.95628404931624
11220,2020-06-12T22:24:12.000,40.64163741709769,-74.02280887410471
10033,2020-06-13T01:34:18.000,NA,NA
11234,2020-06-12T22:15:39.000,40.619128174588504,-73.90419899481715
10032,2020-06-13T01:49:25.000,40.84424404365834,-73.93971755210634
11692,2020-06-12T20:26:45.000,40.593139996827226,-73.78436942336134
11225,2020-06-12T21:16:46.000,40.65668810226277,-73.96070438144623
11225,2020-06-12T21:19:17.000,40.65668810226277,-73.96070438144623
11237,2020-06-12T23:07:09.000,40.70284743286827,-73.92770918007649
10033,2020-06-13T00:42:36.000,NA,NA
10460,2020-06-12T08:48:10.000,40.84117708289608,-73.88428353962888
10032,2020-06-13T00:28:10.000,40.84322272826247,-73.93917634500083
10032,2020-06-13T00:24:28.000,40.837230848962186,-73.93883850329563
10027,2020-06-12T23:53:48.000,40.80900784485884,-73.95243968440839
10032,2020-06-12T23:23:53.000,40.83510452161969,-73.94041245073429
11220,2020-06-12T22:26:54.000,40.641623690311135,-74.0228232826005
10468,2020-06-12T22:24:31.000,40.861999961320336,-73.90390336603858
11692,2020-06-12T20:58:15.000,40.590376066404744,-73.79035164775807
10032,2020-06-12T22:12:35.000,40.83881138676051,-73.93806004502014
10312,2020-06-13T00:22:20.000,40.547928623596874,-74.17811321864217
11109,2020-06-13T01:28:58.000,40.74671215969707,-73.95649373552732
10466,2020-06-12T22:12:34.000,40.88789237026881,-73.82937019330325
11233,2020-06-12T22:51:08.000,40.68206625121219,-73.91489618639925
10033,2020-06-13T01:56:58.000,40.845030647965864,-73.93759885030306
11226,2020-06-12T22:16:37.000,40.653637905781814,-73.95858345377057
10032,2020-06-13T00:46:20.000,40.843643203180136,-73.94019879053553
10025,2020-06-12T21:59:25.000,40.79875151896158,-73.96172934449801
11226,2020-06-12T23:19:30.000,40.65155519393562,-73.96022088715806
11225,2020-06-12T22:52:25.000,40.66959838334307,-73.95744523799056
11236,2020-06-12T23:28:56.000,40.64913781103803,-73.91965183377249
11226,2020-06-12T20:20:36.000,40.64842698305939,-73.96273450648725
11208,2020-06-12T22:08:14.000,40.67250948938254,-73.87367115011176
11226,2020-06-12T11:01:38.000,40.64248662711531,-73.96080282848074
10032,2020-06-12T21:52:29.000,40.834549990958045,-73.94022141883465
10024,2020-06-13T01:36:30.000,40.78515753340276,-73.97394977954926
11412,2019-07-21T01:08:55.000,40.698354520116574,-73.7509478420546
11226,2020-06-12T23:16:42.000,40.63941043943263,-73.95524853535079
11226,2020-06-13T00:52:04.000,40.65497840691271,-73.96160278911228
11226,2020-06-13T00:25:59.000,40.64208585530434,-73.96070577420875
10031,2020-06-12T23:20:25.000,40.8291242815319,-73.9470412628995
10032,2020-06-13T00:13:36.000,40.84335464903661,-73.93950873304279
11226,2020-06-12T23:43:23.000,40.653993851714304,-73.96414775528304
10034,2020-06-12T23:21:33.000,40.86551474585777,-73.92446646724554
10032,2020-06-12T23:40:02.000,40.83692356963555,-73.93908091542136
11226,2020-06-12T22:15:05.000,40.6450362777868,-73.96006261695022
10003,2020-06-12T22:20:12.000,40.73759344049552,-73.98786105031243
11221,2020-06-12T21:22:03.000,40.6909870194851,-73.94175285094371
11109,2020-06-13T01:46:02.000,40.74671215969707,-73.95649373552732
10468,2020-06-13T00:35:48.000,40.86426208704129,-73.90787338011981
10466,2020-06-12T20:40:38.000,40.8927052202338,-73.86113241646741
10467,2020-06-12T22:07:57.000,40.86575072017203,-73.86914629859783
10032,2020-06-13T01:52:32.000,40.84116810849943,-73.93625441191773
10002,2020-06-12T09:11:16.000,40.72098207964705,-73.98695135627031
10034,2020-06-13T01:58:59.000,40.86551474585777,-73.92446646724554
10032,2020-06-13T01:49:58.000,40.844361173524405,-73.93803319182258
10034,2020-06-12T14:30:50.000,40.866380166986495,-73.92161287328047
11213,2020-06-12T22:20:26.000,40.67191075812588,-73.93640536888198
10306,2020-06-12T21:30:51.000,40.571567215421624,-74.12856762047292
10463,2020-06-13T00:01:55.000,40.87549673339097,-73.90863524798439
10032,2020-06-12T23:32:13.000,40.838182359698635,-73.93715714475795
11226,2020-06-12T23:35:37.000,40.64556842133255,-73.95908214363479
11212,2020-06-12T23:54:26.000,40.6675898319166,-73.90718978180685
11225,2020-06-12T21:37:22.000,40.65668810226277,-73.96070438144623
11206,2020-06-12T23:20:16.000,40.7086363365357,-73.94848597611853
11226,2020-06-13T00:29:38.000,40.65545946747229,-73.94929830385043
11357,2020-06-12T22:41:41.000,40.782248723096835,-73.81888761592008
11226,2020-06-12T02:51:50.000,40.64767106722443,-73.95948085638616
10033,2020-06-13T01:36:04.000,40.845366691317004,-73.93478658323296
10033,2020-06-13T01:44:03.000,40.846871439867236,-73.9359453354882
10033,2020-06-12T23:21:38.000,40.8456176868696,-73.93699470357122
11239,2020-06-12T21:46:58.000,40.655218270707344,-73.87449678084342
11212,2020-06-12T02:46:39.000,40.658451796485075,-73.90980833741153
11420,2020-06-12T21:52:53.000,40.667522284742546,-73.8254424826881
10033,2020-06-13T01:51:27.000,40.84628580003035,-73.93413870744537
10466,2020-06-13T01:16:39.000,40.8991896079141,-73.85127267422996
10451,2020-06-12T23:45:01.000,40.82570376736279,-73.92600755094807
10451,2020-06-12T23:47:32.000,40.82543701491463,-73.92520931892479
11208,2020-06-12T22:18:11.000,40.67494009465988,-73.88284873672939
11412,2020-06-13T01:00:34.000,40.69363293234394,-73.7571030983074
10467,2020-06-12T22:27:57.000,40.86703671338112,-73.87045258444047
10033,2020-06-13T00:32:48.000,40.851601083847875,-73.93205139280846
11356,2019-07-20T22:02:08.000,40.77825988002251,-73.84068902371747
10457,2020-06-14T00:39:26.000,40.851597839820705,-73.90426540315588
11206,2020-06-14T01:13:15.000,40.702938957968094,-73.94421293721686
10025,2020-06-13T21:54:52.000,40.79950602171146,-73.96084400910856
11208,2020-06-13T02:57:59.000,40.67250948938254,-73.87367115011176
11432,2020-06-13T22:40:14.000,40.714298626792385,-73.80978001895228
10026,2020-06-13T22:50:58.000,40.80256152605809,-73.95503048895974
11226,2020-06-13T23:48:01.000,40.6505705595409,-73.9548013883657
11210,2020-06-14T00:40:48.000,40.63303201298218,-73.9564453504769
10037,2020-06-13T22:00:15.000,40.81072885997219,-73.9407485577205
11226,2020-06-13T22:09:16.000,40.64830318910063,-73.96188411235836
11226,2020-06-14T00:42:45.000,40.646828740026976,-73.9604038839779
10306,2020-06-13T21:33:37.000,40.57740440837591,-74.0958851525398
10032,2020-06-14T00:17:26.000,40.84445599578041,-73.9408956167426
10466,2020-06-13T22:02:41.000,40.88553613988228,-73.84602309679917
11226,2020-06-13T23:01:31.000,40.65535593070498,-73.95106436172432
10040,2020-06-13T22:34:15.000,40.85546829592331,-73.9367467898637
11103,2020-06-13T20:43:15.000,40.75592143144275,-73.91376951642073
11226,2020-06-14T00:07:25.000,40.64947213025689,-73.96088161008812
11234,2020-06-14T01:44:28.000,40.61988600295574,-73.91137334091718
11236,2020-06-13T23:35:54.000,40.62818474747832,-73.9027197472972
11235,2020-06-13T14:11:21.000,40.575681830973274,-73.95538842681552
11203,2020-06-14T00:34:41.000,40.64921832774487,-73.94443083388103
11226,2020-06-13T22:43:05.000,40.643171374511674,-73.96480938564473
11203,2020-06-13T23:08:27.000,40.64975738008739,-73.93119025496084
10039,2020-06-13T11:34:48.000,40.82794798801569,-73.93838452238118
11693,2020-06-13T21:14:43.000,40.58860114467831,-73.81318764237227
11226,2020-06-13T22:36:41.000,40.64590199400642,-73.96339536240274
11355,2020-06-13T11:35:25.000,40.74229578671183,-73.81013313478527
11208,2020-06-13T23:29:11.000,40.668107933308455,-73.8771940995924
11220,2020-06-13T18:14:59.000,40.64165662415839,-74.0228413103591
11226,2020-06-13T02:16:09.000,40.64059287917061,-73.9612579493439
10457,2020-06-13T15:54:47.000,40.849382988015996,-73.88908385047667
11212,2020-06-13T23:18:33.000,40.661757209030775,-73.926185802662
11413,2020-06-13T21:23:21.000,40.6825156034848,-73.75664603075906
11226,2020-06-14T00:15:55.000,40.63633515817776,-73.95963906596788
10472,2020-06-13T22:08:45.000,40.8280484330886,-73.86357270505306
10027,2019-07-21T05:05:32.000,40.816361623004234,-73.95408907230076
11225,2020-06-13T20:54:33.000,40.668119404957785,-73.95165338253989
10032,2020-06-13T22:41:31.000,40.83504463797073,-73.94138822310418
10025,2020-06-13T19:03:12.000,40.79950003626242,-73.95941011095242
10032,2020-06-13T23:56:11.000,40.838104225045356,-73.93990019853811
10029,2019-07-21T21:32:10.000,40.791664066976715,-73.94090637059439
11226,2020-06-13T02:09:29.000,40.64159726013855,-73.96063759931448
10032,2020-06-13T22:07:56.000,40.8354582796541,-73.93981585762363
10470,2020-06-14T00:05:01.000,40.897694666280486,-73.87269697672268
10453,2020-06-13T14:40:36.000,40.857791674858674,-73.90643995377303
11226,2020-06-13T09:00:46.000,40.64107636645156,-73.9624791763626
11226,2020-06-14T00:05:20.000,40.646437257782,-73.96349236479078
11225,2020-06-14T00:43:48.000,40.65797590059652,-73.94810701164214
11226,2020-06-13T08:22:32.000,40.64987868732585,-73.96186158982378
10470,2020-06-13T21:35:55.000,40.90495653910183,-73.85369801695018
10032,2020-06-13T22:32:51.000,40.83870380788671,-73.94232101803048
11221,2020-06-13T21:53:19.000,40.68869470274109,-73.9146605583209
11229,2020-06-13T23:13:17.000,40.5958728332763,-73.93323344123314
10472,2020-06-13T22:53:55.000,40.82755320525857,-73.86726658424591
10469,2020-06-13T23:01:30.000,40.87741950351731,-73.84765466579671
10033,2020-06-13T22:56:19.000,40.85388360029038,-73.934944513303
10471,2020-06-13T22:11:37.000,40.90685416656937,-73.9012446328546
11365,2020-06-13T11:10:13.000,40.741985642503934,-73.81014123609233
11203,2020-06-13T23:22:31.000,40.65196690537961,-73.9410265042227
11226,2020-06-13T22:45:59.000,40.644545911293214,-73.96289882956198
11226,2020-06-13T22:49:10.000,40.64625883653614,-73.96346003048849
11436,2020-06-13T23:18:24.000,40.678438564404125,-73.79872752113687
11226,2020-06-13T23:53:08.000,40.64590199400642,-73.96339536240274
11207,2019-07-21T21:12:38.000,40.66761758667712,-73.89183010163632
11226,2020-06-13T23:14:01.000,40.64590199400642,-73.96339536240274
10465,2020-06-13T21:54:03.000,40.84728802495491,-73.81731897150529
11694,2020-06-13T22:34:01.000,40.582920331950625,-73.82243428505285
10034,2020-06-13T08:47:51.000,40.86734573836597,-73.92489463543068
11226,2020-06-13T21:32:27.000,40.653809664997546,-73.95547313356803
11226,2020-06-13T23:46:01.000,40.64107636645156,-73.9624791763626
10025,2020-06-14T00:34:57.000,40.79959619677064,-73.95968094093598
11222,2020-06-13T23:35:30.000,40.72009145695273,-73.9452050834191
11413,2020-06-13T21:00:06.000,40.681607899023064,-73.74935547398098
10463,2020-06-13T22:44:20.000,40.87501493262163,-73.90344702646927
10458,2020-06-13T21:27:37.000,40.86481964188869,-73.89245295810828
10026,2020-06-13T23:47:16.000,40.8020162975588,-73.9575953628358
10032,2020-06-13T18:06:16.000,40.83506578983519,-73.93982344021802
10031,2020-06-14T00:57:08.000,40.82916059812113,-73.94844325389153
10011,2020-06-13T11:30:42.000,40.739397304769675,-73.99577073895158
11226,2020-06-14T00:32:11.000,40.64451304689672,-73.9631258653889
10032,2020-06-13T03:47:17.000,40.84602106489953,-73.94205082435475
10463,2020-06-13T21:32:04.000,40.876444151331,-73.91282853424647
11226,2020-06-13T23:06:40.000,40.65363313018957,-73.96061608221525
10458,2020-06-13T21:40:44.000,40.85896198031805,-73.88905703005685
11378,2020-06-13T22:16:54.000,40.7188948953556,-73.9004048242207
10457,2020-06-13T02:17:48.000,40.846474709198446,-73.89024530654183
11233,2020-06-13T22:48:29.000,40.67719946937984,-73.91827327820002
10025,2020-06-13T23:31:50.000,40.795054532336785,-73.96222264765939
11208,2020-06-13T22:33:27.000,40.68815149456849,-73.86835178462749
11226,2020-06-13T11:00:19.000,40.64059287917061,-73.9612579493439
11226,2020-06-13T22:44:49.000,40.64581383180553,-73.96237561362634
10040,2020-06-13T23:01:59.000,40.85449549472625,-73.92995906400087
11226,2020-06-14T00:07:53.000,40.647016077701586,-73.96246862897249
11226,2020-06-14T00:44:57.000,40.64598645251581,-73.96146742601698
10032,2020-06-13T20:10:57.000,40.83485997423103,-73.93989590163648
11226,2020-06-13T23:15:39.000,40.64473742274505,-73.96101411069137
10473,2020-06-14T00:02:36.000,40.82301451580496,-73.86820421014838
11221,2020-06-14T00:44:07.000,40.68869470274109,-73.9146605583209
10033,2020-06-14T00:32:17.000,40.85337300824673,-73.93480765148259
11354,2020-06-14T01:01:16.000,40.77151197874572,-73.81585886383901
11218,2020-06-13T22:39:05.000,40.64260551538109,-73.99131232341264
11226,2020-06-13T02:16:41.000,40.64224506391243,-73.96073811042946
11226,2020-06-13T23:43:20.000,40.64668642342642,-73.95412654826353
11226,2020-06-13T02:05:54.000,40.651407808528575,-73.95503146600339
10032,2020-06-13T02:13:52.000,40.83930439778632,-73.93615861958399
10463,2020-06-13T22:49:41.000,40.873323808927225,-73.90297942099167
11226,2020-06-13T21:11:41.000,40.64668642342642,-73.95412654826353
11226,2020-06-13T22:06:27.000,40.6516040447959,-73.95161129298589
10310,2020-06-13T10:59:08.000,40.626190113294406,-74.11967387903883
11226,2020-06-14T00:47:37.000,40.64160920128461,-73.9635562623705
11226,2020-06-13T22:29:16.000,40.64442925878654,-73.95886663529204
11226,2020-06-13T22:01:39.000,40.64712554619708,-73.96149199333054
10039,2020-06-14T01:43:04.000,40.82929522266072,-73.93760276724171
11212,2020-06-13T21:43:04.000,40.658451796485075,-73.90980833741153
11226,2020-06-13T22:01:51.000,40.64656796820084,-73.96035358883422
10469,2020-06-13T22:57:30.000,40.87178903772658,-73.85754224555791
10128,2020-06-13T21:48:03.000,40.785193255711675,-73.94933312250613
10034,2020-06-13T23:15:46.000,40.863851956918054,-73.92523119238143
10466,2020-06-13T15:55:29.000,40.893928872583885,-73.8497906326449
11225,2020-06-14T00:10:29.000,40.663039135860245,-73.95241039556707
11385,2020-06-13T21:24:27.000,40.703800993512615,-73.90309990938376
11206,2020-06-13T22:46:26.000,40.70361523842085,-73.94085458164858
10030,2020-06-13T02:34:48.000,40.817544276358454,-73.9469457062508
10310,2020-06-13T21:32:22.000,40.6275726354078,-74.11784266440644
10011,2020-06-13T21:36:17.000,40.74394264628238,-74.00317216218988
11226,2020-06-13T22:04:47.000,40.649519459111005,-73.96289606385062
10304,2020-06-13T23:34:39.000,40.608845062945356,-74.08311966934913
11226,2020-06-14T00:25:00.000,40.6442210154069,-73.95988653648502
11226,2020-06-13T23:23:56.000,40.642824254065644,-73.96085668057586
11694,2020-06-13T08:21:43.000,40.581497376117156,-73.8252677155637
11226,2020-06-14T01:40:53.000,40.64551221057018,-73.96331990259071
10471,2020-06-13T21:30:13.000,40.89785355261933,-73.89717419871232
11226,2020-06-13T23:23:51.000,40.64625883653614,-73.96346003048849
11226,2020-06-13T21:05:38.000,40.64283862151882,-73.96279528134232
11694,2020-06-13T23:10:29.000,40.58462358704258,-73.82339101750762
11226,2020-06-13T02:33:44.000,40.6357315929561,-73.96046811620475
10454,2020-06-13T18:55:43.000,40.80690348856618,-73.91556377440149
11218,2020-06-13T23:07:57.000,40.64419768390274,-73.97426426065803
11226,2020-06-13T23:25:38.000,40.64551221057018,-73.96331990259071
10451,2020-06-13T21:21:36.000,40.823423167863375,-73.91826350918174
11226,2020-06-13T22:34:00.000,40.64906039443108,-73.96082779601215
10467,2020-06-13T22:22:36.000,40.86575072017203,-73.86914629859783
10011,2020-06-13T20:55:31.000,40.74436805903719,-74.00393365058683
11226,2020-06-13T22:35:45.000,40.64842698305939,-73.96273450648725
10032,2020-06-13T14:34:01.000,NA,NA
11226,2020-06-14T00:47:33.000,40.64652129569313,-73.96032118451178
10032,2020-06-13T21:28:47.000,40.83502814949901,-73.94134848613588
11226,2020-06-13T21:30:05.000,40.653488517173436,-73.9632146069062
11226,2020-06-13T22:28:47.000,40.652879674075734,-73.96480786866645
11236,2020-06-13T11:31:37.000,40.64220037369987,-73.89128035947242
10025,2020-06-13T20:42:36.000,40.79377853607711,-73.96315875866436
10455,2020-06-13T07:00:31.000,40.81952693219714,-73.916201698089
10310,2020-06-13T21:51:53.000,40.62689078116542,-74.12666399512993
11229,2020-06-13T14:41:27.000,40.595966179403156,-73.93327295706993
11236,2020-06-13T23:23:28.000,40.63593485683467,-73.91509193169708
10463,2020-06-13T22:19:33.000,40.87422023300874,-73.90496685996638
11354,2020-06-13T23:46:39.000,40.77151197874572,-73.81585886383901
10312,2020-06-13T22:54:32.000,40.54600087663083,-74.20187385466372
10032,2020-06-14T00:05:15.000,40.836273762577946,-73.9404005619862
11354,2020-06-14T01:19:47.000,40.77151197874572,-73.81585886383901
11238,2020-06-13T22:13:32.000,40.68056917624015,-73.95724715098466
11385,2020-06-13T20:59:13.000,40.705817130044956,-73.91176404399017
10034,2020-06-13T09:45:00.000,40.86516096330146,-73.92490071830328
11226,2020-06-13T23:28:41.000,40.646080415277595,-73.96342769635916
10032,2020-06-13T21:29:17.000,40.8375965192346,-73.94556004284668
11226,2020-06-13T21:36:46.000,40.64442925878654,-73.95886663529204
10032,2020-06-13T22:00:08.000,40.83753690800053,-73.94153058375689
11225,2020-06-13T23:12:38.000,40.66887321314201,-73.94931694547995
11228,2020-06-13T21:14:51.000,40.611284288407674,-74.01320728454174
11249,2020-06-13T21:32:13.000,40.71032208126612,-73.96416795688411
11693,2020-06-13T21:24:56.000,40.58910098974372,-73.81336626762747
11226,2020-06-14T00:48:39.000,40.644871489003116,-73.95977083430154
11226,2020-06-13T21:42:41.000,40.65380118242548,-73.9624720197961
11226,2020-06-14T00:00:49.000,40.63596491470096,-73.96051121388618
10468,2020-06-13T22:36:02.000,40.87298432092539,-73.90075617690101
10024,2020-06-13T07:07:48.000,40.790064836392894,-73.97274528621355
10467,2020-06-14T01:30:38.000,40.87566388972353,-73.87857173874994
10033,2020-06-14T01:53:23.000,40.84592592844921,-73.9385413595471
11226,2020-06-13T22:38:57.000,40.64717485176219,-73.9611928663221
10032,2020-06-13T15:08:37.000,40.84478528262564,-73.94074352347612
11234,2020-06-13T22:18:36.000,40.62113744893543,-73.90765781842181
11221,2020-06-13T21:58:07.000,40.684426135870915,-73.94003870556696
11354,2020-06-14T01:02:13.000,40.77278837810614,-73.82653129141531
11218,2020-06-13T22:01:35.000,40.642905597005715,-73.97764471653251
11212,2020-06-13T22:52:13.000,40.6578249306637,-73.90847203641245
10032,2020-06-13T22:27:54.000,40.83514356668343,-73.94162303155082
11104,2020-06-13T21:01:05.000,40.74984164766279,-73.91354640045054
11208,2020-06-13T02:05:05.000,40.67250948938254,-73.87367115011176
10032,2020-06-13T21:28:48.000,40.83726842419961,-73.94252102663268
11226,2020-06-14T00:14:39.000,40.64581383180553,-73.96237561362634
11218,2020-06-14T00:41:15.000,40.645634669670706,-73.96906383617733
10463,2020-06-13T21:29:55.000,40.877853428899606,-73.90078145390466
10457,2020-06-13T16:20:06.000,40.85387653610807,-73.89247426738693
11226,2020-06-13T22:32:14.000,40.64354343785433,-73.96100399811071
11226,2020-06-14T00:43:35.000,40.65217772598522,-73.9587068917227
10034,2020-06-13T22:57:01.000,40.870731896215645,-73.91963717958859
11226,2020-06-14T00:25:06.000,40.639933811184676,-73.96032149844206
11226,2020-06-13T09:40:00.000,40.64213527251177,-73.96073817503118
10039,2020-06-13T03:02:09.000,40.827019544730284,-73.93703399395271
11226,2020-06-13T03:04:23.000,40.64646914853235,-73.96033202619999
10038,2020-06-13T20:34:44.000,40.7118262961775,-73.99930743835905
11234,2020-06-14T00:22:11.000,40.63613173289055,-73.92177524968736
11226,2020-06-13T23:09:09.000,40.65428952685135,-73.96178338466348
10466,2020-06-13T21:01:31.000,40.892433341489955,-73.85432598442779
11226,2020-06-14T00:38:57.000,40.65160131971518,-73.95165814483421
10451,2020-06-13T22:22:11.000,40.82531514073975,-73.92352207038901
10032,2020-06-13T21:59:16.000,40.83485997423103,-73.93989590163648
11226,2020-06-14T01:02:38.000,40.642541519128535,-73.96079198619472
10032,2020-06-13T03:50:48.000,40.843571750739436,-73.94002537142383
10467,2020-06-13T22:58:17.000,40.87554973023879,-73.87703515690308
11226,2020-06-13T21:27:58.000,40.63934187858282,-73.95539991464382
11204,2020-06-13T21:23:22.000,40.615226541167424,-73.99738143908483
11226,2020-06-13T11:20:03.000,40.644224179799686,-73.96110809995129
11226,2020-06-13T21:40:41.000,40.64354343785433,-73.96100399811071
11218,2020-06-13T23:57:21.000,40.64633779854162,-73.97084006113435
10453,2020-06-14T00:06:56.000,40.85375489549983,-73.90392612283449
11236,2020-06-14T00:10:21.000,40.640584552868496,-73.91893067476197
10032,2020-06-13T22:29:17.000,40.836273762577946,-73.9404005619862
10451,2020-06-13T20:57:58.000,40.82116906509515,-73.91355489922915
10034,2020-06-13T23:07:04.000,40.86456038961465,-73.92154994150562
10007,2020-06-13T02:15:02.000,40.71130991665204,-74.00918358479818
10302,2020-06-13T22:36:51.000,40.63634474241976,-74.13076415652736
11385,2020-06-13T22:10:56.000,40.700118849082045,-73.90807135747222
11226,2020-06-14T00:19:28.000,40.65063325760683,-73.96112959036867
10037,2020-06-13T21:23:59.000,40.81147528650519,-73.94048056869856
10032,2020-06-13T22:40:39.000,40.83733075391628,-73.94656853762118
10304,2020-06-13T20:14:00.000,40.618269093514066,-74.08151408955828
10032,2020-06-13T23:30:48.000,40.834492261994505,-73.94004801103432
11694,2020-06-13T22:39:21.000,40.58459335802301,-73.82159098384552
10034,2020-06-13T23:20:03.000,40.86453695023994,-73.92342996485007
11218,2020-06-14T00:53:43.000,40.65069255282329,-73.9776637300467
11226,2020-06-13T21:36:50.000,40.64059287917061,-73.9612579493439
10459,2020-06-13T21:50:08.000,40.82108400396412,-73.89386407074211
11233,2020-06-13T23:33:22.000,40.68235540961632,-73.91251258219725
10034,2020-06-13T21:36:44.000,40.86511438576186,-73.92502731017048
11203,2020-06-14T01:30:06.000,40.65522844093266,-73.93238475485127
11233,2020-06-13T23:28:29.000,40.67576597826828,-73.92964565551821
11208,2020-06-13T20:43:49.000,40.6873947616573,-73.87652396270852
11226,2020-06-14T21:14:49.000,40.65454161697736,-73.9605110300424
10472,2020-06-14T21:23:29.000,40.825865286303035,-73.87985861013416
11206,2020-06-15T00:20:07.000,40.70899058459472,-73.9488752517719
10032,2020-06-14T22:52:06.000,40.83846846266724,-73.94373789400824
11226,2020-06-14T22:35:50.000,40.652879674075734,-73.96480786866645
10029,2020-06-14T22:03:21.000,40.78557057107222,-73.94611896736897
11226,2020-06-14T23:06:48.000,40.65310294723945,-73.95935142024786
10032,2020-06-14T02:39:29.000,40.843571750739436,-73.94002537142383
11226,2020-06-14T21:20:19.000,40.647949097726034,-73.96184107097778
11218,2020-06-14T23:55:59.000,40.646795772178486,-73.9692831159789
10314,2020-06-14T21:36:44.000,40.58855009452791,-74.14628566593198
11226,2020-06-14T23:53:25.000,40.63821942108572,-73.95581502290973
11226,2020-06-14T11:55:40.000,40.64105091275924,-73.96024516557843
11226,2020-06-14T22:41:59.000,40.64535785587215,-73.96134527007135
11226,2020-06-14T22:35:41.000,40.650927077792595,-73.96151142195062
11236,2020-06-15T00:41:21.000,40.64178950528621,-73.91147396756784
10465,2020-06-14T21:19:50.000,40.846182608499426,-73.81950871026326
10032,2020-06-14T21:11:57.000,40.83842627427918,-73.94168881621687
10032,2020-06-15T00:51:01.000,40.83454171934191,-73.94014915135067
11219,2020-06-14T15:29:28.000,40.63180451204558,-73.98829821372892
11208,2020-06-14T09:29:12.000,NA,NA
11418,2019-08-14T09:54:29.000,40.70661308890016,-73.83645272194488
10473,2020-06-15T01:31:38.000,40.81794473200576,-73.87535323738419
10455,2020-06-15T01:22:09.000,40.8112816542891,-73.90538546533874
10457,2020-06-14T22:13:07.000,40.84297456326471,-73.90498258305648
10030,2020-06-14T21:35:08.000,40.82037898185339,-73.94013659833263
10472,2020-06-14T23:21:30.000,40.82529140445667,-73.86713379261352
11222,2020-06-14T22:25:01.000,40.73027270919458,-73.96100736587927
